Player_id,SV_Player_id,Name
920,n/a,A.C. Green
2062,n/a,A.J. Guyton
201166,4304,Aaron Brooks
201189,4326,Aaron Gray
243,n/a,Aaron McKie
101223,n/a,Aaron Miles
1425,n/a,Aaron Williams
201151,4289,Acie Law
2492,n/a,Adam Harrington
228,n/a,Adam Keefe
200747,n/a,Adam Morrison
1502,n/a,Adonal Foyle
1559,n/a,Adrian Griffin
201985,4657,AJ Price
1733,3268,Al Harrington
201143,4245,Al Horford
2744,3832,Al Jefferson
201154,4292,Al Thornton
101187,3995,Alan Anderson
673,n/a,Alan Henderson
201169,n/a,Alando Tucker
1893,n/a,Aleksandar Radojevic
101165,n/a,Alex Acker
2682,n/a,Alex Garcia
2637,n/a,Alex Scales
200792,n/a,Alexander Johnson
201582,4482,Alexis Ajinca
275,n/a,Allan Houston
200810,n/a,Allan Ray
947,n/a,Allen Iverson
202087,4686,Alonzo Gee
297,n/a,Alonzo Mourning
2228,n/a,Alton Ford
2264,n/a,Alvin Jones
1541,n/a,Alvin Williams
1043,n/a,Amal McCaskill
2405,3607,Amar'e Stoudemire
101161,3982,Amir Johnson
2760,3847,Anderson Varejao
101154,3975,Andray Blatche
2857,n/a,Andre Barrett
2810,n/a,Andre Brown
2765,3852,Andre Emmett
2738,3826,Andre Iguodala
1889,3331,Andre Miller
101261,n/a,Andre Owens
200745,4129,Andrea Bargnani
2601,n/a,Andreas Glyniadakis
1905,3347,Andrei Kirilenko
2804,3882,Andres Nocioni
101106,3927,Andrew Bogut
101115,3936,Andrew Bynum
692,n/a,Andrew DeClercq
2740,3828,Andris Biedrins
1950,n/a,Andy Panko
358,n/a,Anfernee Hardaway
1738,n/a,Ansu Sesay
1712,3247,Antawn Jamison
1853,3396,Anthony Carter
924,n/a,Anthony Goldwire
101219,n/a,Anthony Grundy
1533,n/a,Anthony Johnson
193,n/a,Anthony Mason
292,n/a,Anthony Miller
201627,4527,Anthony Morrow
1515,3171,Anthony Parker
324,n/a,Anthony Peeler
201576,4476,Anthony Randolph
101194,n/a,Anthony Roberson
201229,4371,Anthony Tolliver
2541,n/a,Antoine Rigaudeau
952,n/a,Antoine Walker
101120,3941,Antoine Wright
202079,n/a,Antonio Anderson
2766,n/a,Antonio Burks
1498,3175,Antonio Daniels
213,n/a,Antonio Davis
176,n/a,Antonio Harvey
686,3004,Antonio McDyess
2238,n/a,Antonis Fotsis
201167,4305,Arron Afflalo
1609,n/a,Art Long
101178,n/a,Arvydas Macijauskas
717,n/a,Arvydas Sabonis
1506,n/a,Austin Croshere
201948,4620,Austin Daye
422,n/a,Avery Johnson
2852,n/a,Awvee Storey
1884,3326,Baron Davis
2732,3820,Ben Gordon
1052,n/a,Ben Handlogten
1112,3149,Ben Wallace
2757,3845,Beno Udrih
2774,n/a,Bernard Robinson
223,n/a,Bill Curley
182,n/a,Billy Owens
2873,n/a,Billy Thomas
902,n/a,Bimbo Coles
201336,4386,Blake Ahearn
448,n/a,Bo Outlaw
682,n/a,Bob Sura
201628,4525,Bobby Brown
1517,n/a,Bobby Jackson
200784,n/a,Bobby Jones
2250,3551,Bobby Simmons
101238,n/a,Boniface Ndong
1719,n/a,Bonzi Wells
2564,3724,Boris Diaw
2411,n/a,Bostjan Nachbar
101152,n/a,Bracey Wright
1802,3305,Brad Miller
201148,4286,Brandan Wright
2688,n/a,Brandin Knight
2220,n/a,Brandon Armstrong
101138,3959,Brandon Bass
2599,n/a,Brandon Hunter
201943,4615,Brandon Jennings
200750,4134,Brandon Roy
201575,4475,Brandon Rush
1585,n/a,Brandon Williams
2217,3532,Brendan Haywood
699,n/a,Brent Barry
85,n/a,Brent Price
1510,n/a,Brevin Knight
2073,3443,Brian Cardinal
2567,3727,Brian Cook
258,n/a,Brian Grant
2243,3544,Brian Scalabrine
216,n/a,Brian Shaw
1730,3265,Brian Skinner
2639,n/a,Britton Johnsen
201572,4472,Brook Lopez
1477,n/a,Bruce Bowen
1743,n/a,Bruno Sundov
735,n/a,Bryant Reeves
179,n/a,Bryant Stith
1724,n/a,Bryce Drew
935,n/a,Bryon Russell
201957,4629,Byron Mullens
201228,4354,C.J. Watson
1898,n/a,Cal Bowdler
384,n/a,Calbert Cheaney
1916,n/a,Calvin Booth
201171,4309,Carl Landry
2306,3585,Carlos Arroyo
2430,3632,Carlos Boozer
2568,3728,Carlos Delfino
435,n/a,Carlos Rogers
2546,3706,Carmelo Anthony
2406,3608,Caron Butler
201858,4559,Cartier Martin
2418,n/a,Casey Jacobsen
200841,n/a,Cedric Bozeman
76,n/a,Cedric Ceballos
1538,n/a,Cedric Henderson
202132,n/a,Cedric Jackson
200759,n/a,Cedric Simmons
2456,n/a,Cezary Trybanski
101112,3934,Channing Frye
891,n/a,Charles Oakley
1520,n/a,Charles Smith
2294,3570,Charlie Bell
101111,3933,Charlie Villanueva
369,n/a,Charlie Ward
201978,4649,Chase Budinger
1497,3174,Chauncey Billups
200798,n/a,Cheikh Samb
685,n/a,Cherokee Parks
2365,3598,Chris Andersen
2547,3707,Chris Bosh
713,n/a,Chris Carr
164,n/a,Chris Childs
1544,n/a,Chris Crawford
201604,4502,Chris Douglas-Roberts
201,n/a,Chris Dudley
2768,3855,Chris Duhon
1612,n/a,Chris Garner
423,n/a,Chris Gatling
1914,n/a,Chris Herren
201805,n/a,Chris Hunter
2423,n/a,Chris Jefferies
2549,3709,Chris Kaman
200840,n/a,Chris McCray
2036,n/a,Chris Mihm
168,n/a,Chris Mills
904,n/a,Chris Mullin
2442,n/a,Chris Owens
101108,3930,Chris Paul
2084,n/a,Chris Porter
200809,4192,Chris Quinn
201181,n/a,Chris Richard
101147,n/a,Chris Taft
185,n/a,Chris Webber
43,n/a,Chris Whitney
2404,3606,Chris Wilcox
363,n/a,Christian Laettner
101236,4023,Chuck Hayes
1088,n/a,Chucky Atkins
359,n/a,Chucky Brown
101139,3960,CJ Miles
221,n/a,Clar. Weatherspoon
361,n/a,Clifford Robinson
201207,n/a,Coby Karl
1736,n/a,Corey Benjamin
201147,4285,Corey Brewer
1894,3336,Corey Maggette
916,n/a,Corie Blount
722,n/a,Corliss Williamson
2451,n/a,Corsley Edwards
724,n/a,Cory Alexander
2042,n/a,Courtney Alexander
201584,4484,Courtney Lee
201235,n/a,Courtney Sims
200783,4164,Craig Smith
2414,n/a,Curtis Borchardt
1749,n/a,Cuttino Mobley
201571,4471,D.J. Augustin
201161,4299,Daequan Cook
2563,3723,Dahntay Jones
201969,4639,DaJuan Summers
2402,n/a,Dajuan Wagner
905,n/a,Dale Davis
2053,n/a,Dalibor Bagaric
2863,3900,Damien Wilkins
200806,n/a,Damir Markota
1800,3322,Damon Jones
757,n/a,Damon Stoudamire
2245,n/a,Damone Brown
2424,n/a,Dan Dickau
2429,3631,Dan Gadzuric
2061,n/a,Dan Langhi
105,n/a,Dan Majerle
2082,n/a,Dan McClintock
344,n/a,Dana Barros
101137,n/a,Daniel Ewing
200789,4170,Daniel Gibson
2091,n/a,Daniel Santiago
201568,4468,Danilo Gallinari
198,n/a,Danny Ferry
1504,n/a,Danny Fortson
101122,3943,Danny Granger
201980,4651,Danny Green
330,n/a,Danny Manning
201967,4638,Dante Cunningham
2032,n/a,Darius Miles
2443,3647,Darius Songaila
200827,n/a,Darius Washington
2545,3705,Darko Milicic
201616,4514,Darnell Jackson
353,n/a,Darrell Armstrong
201589,4489,Darrell Arthur
201954,4626,Darren Collison
239,n/a,Darrick Martin
201208,4380,Darryl Watkins
1032,n/a,Darvin Ham
2431,3634,David Andersen
128,n/a,David Benoit
2758,n/a,David Harrison
101135,3956,David Lee
200786,n/a,David Noel
764,n/a,David Robinson
2128,n/a,David Vanterpool
133,n/a,David Wesley
2561,3721,David West
766,n/a,David Wingate
1051,n/a,Dean Garrett
2352,n/a,Dean Oliver
201599,4497,DeAndre Jordan
244,n/a,Dee Brown
200793,n/a,Dee Brown
201971,4642,DeJuan Blair
209,n/a,Dell Curry
2753,3841,Delonte West
201942,4614,DeMar DeRozan
201634,n/a,DeMarcus Nelson
201960,4632,DeMarre Carroll
201193,n/a,Demetris Nichols
101184,n/a,Deng Gai
1507,n/a,Derek Anderson
965,3125,Derek Fisher
400,n/a,Derek Strong
2035,n/a,DerMarr Johnson
101114,3929,Deron Williams
201974,4645,Derrick Brown
934,n/a,Derrick Coleman
1760,n/a,Derrick Dial
365,n/a,Derrick McKey
201565,4387,Derrick Rose
2583,n/a,Derrick Zimmerman
2205,3518,DeSagana Diop
2052,3422,DeShawn Stevenson
2824,n/a,Desmon Farmer
2724,n/a,Desmond Ferguson
2046,n/a,Desmond Mason
2667,n/a,Desmond Penigar
96,n/a,Detlef Schrempf
1904,n/a,Devean George
2484,n/a,Devin Brown
101209,n/a,Devin Green
2734,3822,Devin Harris
54,n/a,Dickey Simpkins
101159,n/a,Dijon Thompson
87,n/a,Dikembe Mutombo
1901,n/a,Dion Glover
1717,3252,Dirk Nowitzki
2788,3877,DJ Mbenga
201199,n/a,DJ Strawberry
201591,4491,DJ White
201187,4338,Dominic McGuire
931,n/a,Don MacLean
690,n/a,Don Reid
101182,n/a,Donell Taylor
2051,n/a,Donnell Harvey
681,n/a,Donny Marshall
2764,n/a,Donta Smith
201590,4490,Donte Greene
200971,n/a,Dontell Jefferson
923,n/a,Donyell Marshall
2748,3836,Dorell Wright
57,n/a,Doug Christie
77,n/a,Doug Overton
28,n/a,Doug West
1434,n/a,Dragan Tarlac
2400,3602,Drew Gooden
190,n/a,Duane Causwell
101204,4002,Dwayne Jones
2730,3818,Dwight Howard
2548,3708,Dwyane Wade
2853,3908,Earl Barron
1863,3311,Earl Boykins
201947,4619,Earl Clark
2248,3549,Earl Watson
101188,n/a,Eddie Basden
2109,n/a,Eddie Gill
2204,n/a,Eddie Griffin
2067,3436,Eddie House
224,n/a,Eddie Jones
1944,n/a,Eddie Robinson
2201,3514,Eddy Curry
2059,3437,Eduardo Najera
981,n/a,Efthimios Rentzias
922,n/a,Elden Campbell
695,n/a,Eldridge Recasner
386,n/a,Elliot Perry
1882,3324,Elton Brand
1023,n/a,Emanual Davis
2731,3819,Emeka Okafor
201569,4469,Eric Gordon
201953,4625,Eric Maynor
376,n/a,Eric Montross
15,n/a,Eric Piatkowski
727,n/a,Eric Snow
677,n/a,Eric Williams
2057,n/a,Erick Barkley
956,3117,Erick Dampier
1065,n/a,Erick Strickland
2845,n/a,Erik Daniels
2081,n/a,Ernest Brown
101141,3962,Ersan Ilyasova
911,n/a,Ervin Johnson
101212,n/a,Esteban Batista
2041,3411,Etan Thomas
1564,n/a,Etdrick Bohannon
1915,n/a,Evan Eschmeyer
101177,3988,Fabricio Oberto
1732,n/a,Felipe Lopez
280,n/a,Felton Spencer
2436,n/a,Flip Murray
1922,3364,Francisco Elson
101128,3949,Francisco Garcia
2421,n/a,Frank Williams
697,n/a,Fred Hoiberg
2410,n/a,Fred Jones
201172,n/a,Gabe Pruitt
202066,4682,Garrett Temple
2123,n/a,Garth Joseph
202,n/a,Gary Grant
56,n/a,Gary Payton
718,n/a,Gary Trent
2367,n/a,Geno Carlisle
201588,4488,George Hill
248,n/a,George Lynch
45,n/a,George McCloud
2809,n/a,Gerald Fitch
101123,3944,Gerald Green
201945,4617,Gerald Henderson
2222,3533,Gerald Wallace
1562,n/a,Gerard King
2240,3540,Gilbert Arenas
201175,4313,Glen Davis
779,n/a,Glen Rice
299,n/a,Glenn Robinson
201609,4507,Goran Dragic
1921,n/a,Gordan Giricek
255,2626,Grant Hill
3,n/a,Grant Long
21,n/a,Greg Anthony
1761,n/a,Greg Buckner
323,n/a,Greg Foster
201141,4243,Greg Oden
731,n/a,Greg Ostertag
200799,n/a,Guillermo Diaz
2462,n/a,Guy Rucker
165,n/a,Hakeem Olajuwon
101124,3945,Hakim Warrick
201632,4531,Hamed Haddadi
2069,n/a,Hanno Mottola
1942,n/a,Harold Jamison
201934,4562,Hasheem Thabeet
200801,n/a,Hassan Adams
2045,3415,Hedo Turkoglu
201611,4509,Henry Walker
765,n/a,Hersey Hawkins
200756,4140,Hilton Armstrong
2673,n/a,Hiram Fuller
270,n/a,Horace Grant
2798,n/a,Horace Jenkins
458,n/a,Howard Eisley
93,n/a,Hubert Davis
101133,3954,Ian Mahinmi
2825,n/a,Ibrahim Kutluay
2080,n/a,Igor Rakocevic
1134,n/a,Ike Austin
101113,3935,Ike Diogu
1829,n/a,Ike Fontaine
2137,3501,Ime Udoka
1085,n/a,Ira Bowman
1956,n/a,Ira Newble
375,n/a,Isaiah Rider
200829,n/a,Ivan McFarlin
200826,4203,J.J. Barea
2452,n/a,J.R. Bremer
201592,n/a,J.R. Giddens
462,n/a,J.R. Reid
2074,n/a,Jabari Smith
2866,n/a,Jackie Butler
2761,n/a,Jackson Vroman
1521,n/a,Jacque Vaughn
1751,n/a,Jahidi White
2054,n/a,Jake Tsakalidis
2063,n/a,Jake Voskuhl
147,n/a,Jalen Rose
2048,3418,Jamaal Magloire
2224,3528,Jamaal Tinsley
2037,3407,Jamal Crawford
469,n/a,Jamal Mashburn
1554,n/a,Jamal Robinson
2441,n/a,Jamal Sampson
200081,4342,Jamario Moon
2749,3837,Jameer Nelson
1975,n/a,Jamel Thomas
200788,n/a,James Augustine
201935,4563,James Harden
201949,4621,James Johnson
2592,3752,James Jones
2591,n/a,James Lang
1899,3341,James Posey
381,n/a,James Robinson
101189,4055,James Singleton
2839,n/a,James Thomas
200778,4159,James White
201191,n/a,JamesOn Curry
994,n/a,Jamie Feick
2249,n/a,Jamison Brewer
2457,3660,Jannero Pargo
201162,4300,Jared Dudley
2407,3609,Jared Jeffries
2876,n/a,Jared Reiner
1114,n/a,Jaren Jackson
101127,3948,Jarrett Jack
2260,3562,Jarron Collins
2553,n/a,Jarvis Hayes
679,n/a,Jason Caffey
2044,n/a,Jason Collier
2215,3530,Jason Collins
2078,n/a,Jason Hart
2574,3734,Jason Kapono
467,2625,Jason Kidd
101131,3952,Jason Maxiell
2202,3515,Jason Richardson
201160,4298,Jason Smith
1891,3333,Jason Terry
201574,4474,Jason Thompson
1715,3250,Jason Williams
201580,4480,JaVale McGee
201159,n/a,Javaris Crittenton
101214,4010,Jawad Williams
2398,n/a,Jay Williams
201965,4636,Jeff Ayres
1902,3344,Jeff Foster
201145,4247,Jeff Green
976,n/a,Jeff McInnis
201952,4624,Jeff Teague
2244,n/a,Jeff Trepagnier
1741,n/a,Jelani McCoy
200978,n/a,Jeremy Richardson
1983,n/a,Jermaine Jackson
979,3120,Jermaine O'Neal
201966,4637,Jermaine Taylor
201176,n/a,Jermareo Davidson
2602,n/a,Jerome Beasley
1744,n/a,Jerome James
760,n/a,Jerome Kersey
2040,n/a,Jerome Moiso
966,n/a,Jerome Williams
711,3005,Jerry Stackhouse
201573,4473,Jerryd Bayless
2219,n/a,Jeryl Sasser
201146,4284,Jianlian Yi
754,n/a,Jim Jackson
29,n/a,Jim McIlvaine
2412,n/a,Jiri Welsch
201581,4481,JJ Hickson
200755,4139,JJ Redick
201149,4287,Joakim Noah
201975,4646,Jodie Meeks
201570,4470,Joe Alexander
201621,n/a,Joe Crawford
2343,n/a,Joe Crispin
2207,3520,Joe Johnson
693,3003,Joe Smith
201202,4339,Joel Anthony
2038,3408,Joel Przybilla
201595,4494,Joey Dorsey
101121,3942,Joey Graham
101130,3951,Johan Petro
680,n/a,John Amaechi
715,n/a,John Coker
180,n/a,John Crotty
2823,n/a,John Edwards
101249,4052,John Lucas III
2422,3624,John Salmons
317,n/a,John Starks
304,n/a,John Stockton
1519,n/a,John Thomas
961,n/a,John Wallace
271,n/a,Johnny Newman
468,n/a,Jon Barry
201972,4643,Jon Brockman
201973,4644,Jonas Jerebko
1886,n/a,Jonathan Bender
201938,4611,Jonny Flynn
200770,4154,Jordan Farmar
201941,4613,Jordan Hill
200816,n/a,Jorge Garbajosa
101181,3989,Jose Calderon
2218,n/a,Joseph Forte
200767,n/a,Josh Boone
2735,3823,Josh Childress
2668,3805,Josh Davis
2572,3732,Josh Howard
201177,4314,Josh McRoberts
2694,3774,Josh Powell
2746,3834,Josh Smith
2747,3835,JR Smith
201950,4622,Jrue Holiday
2434,n/a,Juan Carlos Navarro
2413,n/a,Juan Dixon
1038,n/a,Juaquin Hawkins
146,n/a,Jud Buechler
201153,4291,Julian Wright
101125,n/a,Julius Hodge
1908,n/a,Jumaine Jones
2454,n/a,Junior Harrington
2770,n/a,Justin Reed
200818,n/a,Justin Williams
436,2628,Juwan Howard
2079,n/a,Kaniel Dickens
2416,n/a,Kareem Rush
252,n/a,Karl Malone
2867,n/a,Kasib Powell
2208,n/a,Kedrick Brown
2586,3746,Keith Bogans
101247,n/a,Keith Langford
2693,n/a,Keith McLeod
1496,n/a,Keith Van Horn
101235,4030,Kelenna Azubuike
1509,n/a,Kelvin Cato
2256,n/a,Ken Johnson
383,n/a,Kendall Gill
2570,3730,Kendrick Perkins
72,n/a,Kenny Anderson
2261,n/a,Kenny Satterfield
1903,n/a,Kenny Thomas
2030,3400,Kenyon Martin
1721,n/a,Keon Clark
954,n/a,Kerry Kittles
101207,n/a,Kevin Burleson
201142,4244,Kevin Durant
236,n/a,Kevin Edwards
708,3007,Kevin Garnett
201567,4391,Kevin Love
2755,3843,Kevin Martin
1563,n/a,Kevin Ollie
788,n/a,Kevin Willis
200838,n/a,Kevinn Pinkney
2039,3409,Keyon Dooling
2064,n/a,Khalid El-Amin
2213,n/a,Kirk Haston
2550,3710,Kirk Hinrich
2632,n/a,Kirk Penney
2745,n/a,Kirk Snyder
977,3118,Kobe Bryant
1600,n/a,Kornel David
201585,4485,Kosta Koufos
200785,n/a,Kosta Perovic
2743,3831,Kris Humphries
703,3012,Kurt Thomas
2198,3511,Kwame Brown
2594,3754,Kyle Korver
200768,4152,Kyle Lowry
201602,4500,Kyle Weaver
201178,4315,Kyrylo Fesenko
1885,3327,Lamar Odom
200746,4130,LaMarcus Aldridge
441,n/a,Lamond Murray
200984,n/a,Lance Allred
111,n/a,LaPhonso Ellis
1930,n/a,Lari Ketner
1919,n/a,Laron Profit
1716,3251,Larry Hughes
913,n/a,Larry Johnson
1683,n/a,Larry Robinson
84,n/a,Latrell Sprewell
2068,n/a,Lavor Postell
1444,n/a,Lawrence Funderburke
101160,n/a,Lawrence Roberts
2571,3731,Leandro Barbosa
2544,3704,LeBron James
1924,n/a,Lee Nailon
200796,4177,Leon Powe
1910,n/a,Leon Smith
201991,4663,Lester Hudson
101132,3953,Linas Kleiza
283,n/a,Lindsey Hunter
2669,n/a,Linton Johnson
2763,n/a,Lionel Chalmers
2437,n/a,Lonny Baxter
2254,n/a,Loren Woods
953,n/a,Lorenzen Wright
200811,4190,Lou Amundson
101150,3971,Lou Williams
919,n/a,Loy Vaught
26,n/a,Luc Longley
201601,4498,Luc Mbah a Moute
446,n/a,Lucious Harris
2784,n/a,Luis Flores
2449,3653,Luis Scola
2739,n/a,Luke Jackson
2557,3717,Luke Ridnour
101195,n/a,Luke Schenscher
2575,3735,Luke Walton
2736,3824,Luol Deng
101129,3950,Luther Head
2696,n/a,Lynn Greer
1766,n/a,Maceo Baston
2573,n/a,Maciej Lampe
51,n/a,Mahmoud Abdul-Rauf
2124,3507,Malik Allen
201612,n/a,Malik Hairston
990,n/a,Malik Rose
2055,n/a,Mamadou N'diaye
1938,3380,Manu Ginobili
201188,4325,Marc Gasol
1531,n/a,Marc Jackson
101162,3983,Marcin Gortat
201158,4296,Marco Belinelli
2556,3716,Marcus Banks
948,3084,Marcus Camby
2033,n/a,Marcus Fizer
2409,n/a,Marcus Haislip
202068,4689,Marcus Landry
201977,4648,Marcus Thornton
200790,n/a,Marcus Vinicius
200766,n/a,Marcus Williams
201173,4311,Marcus Williams
200776,4157,Mardy Collins
201596,4496,Mario Chalmers
53,n/a,Mario Elie
2435,n/a,Mario Kasun
201238,4362,Mario West
1548,n/a,Mark Blount
95,n/a,Mark Bryant
349,n/a,Mark Jackson
2891,n/a,Mark Jones
2058,n/a,Mark Madsen
998,n/a,Mark Pope
1110,n/a,Mark Strickland
2060,n/a,Marko Jaric
2605,3764,Marquis Daniels
201578,4478,Marreese Speights
101110,3932,Martell Webster
101149,n/a,Martynas Andriuskevicius
101107,3928,Marvin Williams
2043,n/a,Mateen Cleaves
2440,3643,Matt Barnes
2588,3748,Matt Bonner
672,n/a,Matt Bullard
2679,3785,Matt Carroll
2782,n/a,Matt Freije
761,n/a,Matt Geiger
1723,n/a,Matt Harpring
1074,n/a,Matt Maloney
101190,n/a,Matt Walsh
200772,4156,Maurice Ager
2486,n/a,Maurice Baker
2466,n/a,Maurice Carter
2230,3568,Maurice Evans
1508,n/a,Maurice Taylor
2246,3547,Mehmet Okur
2408,3610,Melvin Ely
2684,n/a,Melvin Sanders
2370,n/a,Mengke Bateer
1897,3339,Metta World Peace
201563,4388,Michael Beasley
2214,n/a,Michael Bradley
688,n/a,Michael Curry
1722,n/a,Michael Dickerson
1720,n/a,Michael Doleac
714,n/a,Michael Finley
1138,n/a,Michael Hawkins
893,n/a,Michael Jordan
1709,n/a,Michael Olowokandi
2072,3442,Michael Redd
1913,n/a,Michael Ruffin
63,n/a,Michael Smith
1565,n/a,Michael Stewart
2552,n/a,Michael Sweetney
101153,3974,Mickael Gelabale
2554,3714,Mickael Pietrus
2471,n/a,Mike Batiste
1710,3245,Mike Bibby
201144,4246,Mike Conley
2399,3601,Mike Dunleavy
200837,n/a,Mike Hall
200839,4230,Mike Harris
2229,3577,Mike James
2034,3404,Mike Miller
2130,n/a,Mike Penberthy
2065,n/a,Mike Smith
201446,n/a,Mike Taylor
2366,3692,Mike Wilks
1630,3308,Mikki Moore
101148,n/a,Mile Ilic
1960,n/a,Milt Palacio
2397,3599,Ming Yao
782,n/a,Mitch Richmond
348,n/a,Mitchell Butler
2590,3750,Mo Williams
101145,3966,Monta Ellis
42,n/a,Monty Williams
983,n/a,Moochie Norris
302,n/a,Mookie Blaylock
201165,4303,Morris Almond
2050,3420,Morris Peterson
200754,n/a,Mouhamed Sene
177,n/a,Muggsy Bogues
1572,n/a,Nate Huffman
101126,3947,Nate Robinson
201605,n/a,Nathan Jawai
1737,3272,Nazr Mohammed
2569,n/a,Ndudi Ebi
2420,3622,Nenad Krstic
2403,3605,Nene Hilario
98,n/a,Nick Anderson
2555,3715,Nick Collison
201174,n/a,Nick Fazekas
89,n/a,Nick Van Exel
201156,4294,Nick Young
201587,4487,Nicolas Batum
2401,3603,Nikoloz Tskitishvili
101230,n/a,Noel Felix
2369,n/a,Norman Richardson
201564,4389,O.J. Mayo
1918,n/a,Obinna Ekezie
178,n/a,Olden Polynice
200762,4146,Oleksiy Pecherov
201802,n/a,Oliver Lafayette
932,n/a,Oliver Miller
2071,n/a,Olumide Oyedeji
2241,n/a,Omar Cook
201956,4628,Omri Casspi
101158,3979,Orien Greene
2351,n/a,Oscar Torres
970,n/a,Othella Harrington
201629,n/a,Othello Hunter
201785,4711,Othyus Jeffers
901,n/a,Otis Thorpe
136,n/a,P.J. Brown
2776,n/a,Pape Sow
2469,n/a,Pat Burke
1727,n/a,Pat Garrity
121,n/a,Patrick Ewing
200753,n/a,Patrick O'Bryant
201988,4660,Patty Mills
2200,3513,Pau Gasol
200781,n/a,Paul Davis
1514,n/a,Paul Grant
2101,n/a,Paul McPherson
200794,4175,Paul Millsap
1718,3253,Paul Pierce
2321,n/a,Paul Shirley
2750,n/a,Pavel Podkolzin
978,3119,Peja Stojakovic
2143,n/a,Pepe Sanchez
442,n/a,Pervis Ellison
2762,n/a,Peter John Ramos
200782,4163,PJ Tucker
461,n/a,Popeye Jones
200822,4201,Pops Mensah-Bonsu
1542,n/a,Predrag Drobnjak
2453,n/a,Predrag Savovic
2056,n/a,Primoz Brezec
2047,3417,Quentin Richardson
200763,n/a,Quincy Douby
1900,n/a,Quincy Lewis
2624,3767,Quinton Ross
2417,n/a,Qyntel Woods
1711,n/a,Raef LaFrentz
2737,n/a,Rafael Araujo
1747,n/a,Rafer Alston
1952,3467,Raja Bell
200765,4149,Rajon Rondo
201196,4333,Ramon Sessions
201043,n/a,Randolph Morris
753,n/a,Randy Brown
200751,4135,Randy Foye
2450,n/a,Randy Holcomb
988,n/a,Randy Livingston
101119,n/a,Rashad McCants
1740,3275,Rashard Lewis
739,3006,Rasheed Wallace
1725,n/a,Rasho Nesterovic
2446,3650,Rasual Butler
2237,n/a,Ratko Varda
2221,n/a,Raul Lopez
101185,n/a,Rawle Marshall
951,3080,Ray Allen
101109,3931,Raymond Felton
2558,n/a,Reece Gaines
2501,3663,Reggie Evans
397,n/a,Reggie Miller
1073,n/a,Reggie Slater
202130,4710,Reggie Williams
200764,4148,Renaldo Balkman
200970,n/a,Renaldo Major
1888,3330,Richard Hamilton
2210,3523,Richard Jefferson
2499,n/a,Richie Frahm
1594,n/a,Rick Brunson
296,n/a,Rick Fox
1729,n/a,Ricky Davis
201633,n/a,Rob Kurz
2425,n/a,Robert Archibald
200823,n/a,Robert Hite
109,n/a,Robert Horry
123,n/a,Robert Pack
2741,n/a,Robert Swift
1714,n/a,Robert Traylor
101156,n/a,Robert Whaley
201577,4477,Robin Lopez
393,n/a,Rod Strickland
1934,n/a,Rodney Buford
200760,4144,Rodney Carney
915,n/a,Rodney Rogers
201155,4293,Rodney Stuckey
2206,n/a,Rodney White
201958,4630,Rodrigue Beaubois
2427,3628,Roger Mason Jr.
101232,n/a,Roger Powell
101146,n/a,Roko Ukic
166,n/a,Ron Harper
1500,n/a,Ron Mercer
2648,3788,Ronald Dupree
200758,4142,Ronnie Brewer
101179,3990,Ronnie Price
101142,3963,Ronny Turiaf
1728,n/a,Roshown McLeod
201579,4479,Roy Hibbert
2767,3854,Royal Ivey
2257,n/a,Ruben Boumtje-Boumtje
2092,n/a,Ruben Garces
1739,n/a,Ruben Patterson
2106,n/a,Ruben Wolkowyski
201164,4302,Rudy Fernandez
200752,4136,Rudy Gay
201566,4390,Russell Westbrook
1601,n/a,Rusty LaRue
201583,4483,Ryan Anderson
1763,n/a,Ryan Bowen
101155,3976,Ryan Gomes
200797,4179,Ryan Hollins
2415,n/a,Ryan Humphrey
101136,n/a,Salim Stoudamire
208,n/a,Sam Cassell
1734,n/a,Sam Jacobson
694,n/a,Sam Mack
417,n/a,Sam Mitchell
64,n/a,Sam Perkins
201970,4641,Sam Young
955,n/a,Samaki Walker
2223,3534,Samuel Dalembert
101180,n/a,Sarunas Jasikevicius
2562,3722,Sasha Pavlovic
2756,3844,Sasha Vujacic
1513,n/a,Scot Pollard
197,n/a,Scott Burrell
1909,n/a,Scott Padgett
281,n/a,Scott Williams
937,n/a,Scottie Pippen
2173,n/a,Sean Colson
251,n/a,Sean Elliott
2253,n/a,Sean Lampley
1752,3287,Sean Marks
101118,n/a,Sean May
399,n/a,Sean Rooks
201606,n/a,Sean Singletary
201157,4295,Sean Williams
2742,3830,Sebastian Telfair
201586,4486,Serge Ibaka
2752,n/a,Sergei Monia
200771,4155,Sergio Rodriguez
2775,n/a,Seung-Jin Ha
1742,n/a,Shammond Williams
1000,n/a,Shandon Anderson
2203,3516,Shane Battier
1049,n/a,Shane Heal
200769,4153,Shannon Brown
406,847,Shaquille O'Neal
949,n/a,Shareef Abdur-Rahim
101213,n/a,Sharrod Ford
2733,3821,Shaun Livingston
101183,3992,Shavlik Randolph
762,n/a,Shawn Bradley
431,n/a,Shawn Kemp
1890,3332,Shawn Marion
200761,4145,Shawne Williams
1035,n/a,Shawnelle Scott
200749,4133,Shelden Williams
428,n/a,Sherman Douglas
2098,n/a,Slava Medvedenko
2582,n/a,Slavko Vranes
2470,n/a,Smush Parker
200780,4161,Solomon Jones
201603,4501,Sonny Weems
2066,n/a,Soumaila Samake
2049,n/a,Speedy Claxton
201150,4288,Spencer Hawes
278,n/a,Stacey Augmon
201186,n/a,Stephane Lasme
201939,4612,Stephen Curry
101211,4012,Stephen Graham
1536,3210,Stephen Jackson
950,n/a,Stephon Marbury
2581,3741,Steve Blake
1883,n/a,Steve Francis
1864,n/a,Steve Goodrich
70,n/a,Steve Kerr
959,3103,Steve Nash
200779,4160,Steve Novak
201631,n/a,Steven Hill
2212,n/a,Steven Hunter
120,n/a,Steven Smith
200848,n/a,Steven Smith
2031,n/a,Stromile Swift
202178,4708,Sundiata Gaines
2551,3711,T.J. Ford
201959,4631,Taj Gibson
2447,n/a,Tamar Slay
2347,n/a,Tang Hamilton
200814,n/a,Tarence Kinsey
1505,n/a,Tariq Abdul-Wahad
201192,n/a,Taurean Green
201981,n/a,Taylor Griffin
2419,3621,Tayshaun Prince
2242,n/a,Terence Morris
2121,n/a,Terrance Roberson
210,n/a,Terrell Brandon
201944,4616,Terrence Williams
426,n/a,Terry Davis
371,n/a,Terry Mills
345,n/a,Terry Porter
200757,4141,Thabo Sefolosha
201152,4290,Thaddeus Young
689,3020,Theo Ratliff
2604,n/a,Theron Smith
201242,n/a,Thomas Gardner
2357,n/a,Tierre Brown
1495,3173,Tim Duncan
896,n/a,Tim Hardaway
1906,n/a,Tim James
1501,n/a,Tim Thomas
2432,n/a,Tito Maddox
103,n/a,Todd Day
957,n/a,Todd Fuller
1928,n/a,Todd MacCulloch
339,n/a,Tom Gugliotta
67,n/a,Tom Hammonds
201962,4634,Toney Douglas
389,n/a,Toni Kukoc
2754,3842,Tony Allen
1499,3176,Tony Battie
2800,n/a,Tony Bobbitt
960,n/a,Tony Delk
763,n/a,Tony Massenburg
2225,3527,Tony Parker
380,n/a,Tony Smith
1765,n/a,Torraye Braggs
1503,3179,Tracy McGrady
145,n/a,Tracy Murray
1892,n/a,Trajan Langdon
696,n/a,Travis Best
101143,n/a,Travis Diener
2580,n/a,Travis Hansen
969,n/a,Travis Knight
2566,3726,Travis Outlaw
1762,n/a,Tremaine Fowlkes
2239,n/a,Trenton Hassell
2772,3860,Trevor Ariza
201821,n/a,Trey Gilder
201234,4352,Trey Johnson
2559,n/a,Troy Bell
1607,n/a,Troy Hudson
2211,3524,Troy Murphy
201951,4623,Ty Lawson
201946,4618,Tyler Hansbrough
201936,4564,Tyreke Evans
895,n/a,Tyrone Corbin
238,n/a,Tyrone Hill
1838,n/a,Tyrone Nesby
1731,n/a,Tyronn Lue
200748,4132,Tyrus Thomas
2199,3512,Tyson Chandler
721,n/a,Tyus Edney
2617,3765,Udonis Haslem
101166,n/a,Uros Slokar
2779,n/a,Vassilis Spanoulis
137,n/a,Vernon Maxwell
2349,n/a,Victor Alexander
2751,n/a,Viktor Khryapa
452,n/a,Vin Baker
1713,3248,Vince Carter
2428,n/a,Vincent Yarbrough
219,n/a,Vinny Del Negro
958,n/a,Vitaly Potapenko
124,n/a,Vlade Divac
2209,3522,Vladimir Radmanovic
1735,n/a,Vladimir Stepania
101144,3965,Von Wafer
1907,n/a,Vonteego Cummings
702,n/a,Voshon Lenard
1887,n/a,Wally Szczerbiak
1005,n/a,Walt Williams
200835,n/a,Walter Herrmann
962,n/a,Walter McCarty
201594,4495,Walter Sharpe
1917,n/a,Wang Zhi-zhi
201961,4633,Wayne Ellington
101134,n/a,Wayne Simien
202083,4694,Wesley Matthews
445,n/a,Wesley Person
200807,n/a,Will Blalock
101198,3999,Will Bynum
101215,4014,Will Conroy
781,n/a,Will Perdue
2226,n/a,Will Solomon
1895,n/a,William Avery
2584,3744,Willie Green
201163,4301,Wilson Chandler
200821,4199,Yakhouba Diawara
101117,n/a,Yaroslav Korolev
201180,n/a,Yue Sun
2657,n/a,Yuta Tabuse
2216,3531,Zach Randolph
440,n/a,Zan Tabak
2560,n/a,Zarko Cabarkapa
2585,3745,Zaza Pachulia
1442,n/a,Zeljko Rebraca
1985,n/a,Zendon Hamilton
2565,n/a,Zoran Planinic
980,3121,Zydrunas Ilgauskas
